CANDIDATO,NÚMERO,PARTIDO,VOTOS
Eduardo Suplicy,13131,PT,167552
Milton Leite,25250,DEM,132716
Delegado Palumbo,15000,MDB,118395
Felipe Becari,55070,PSD,98717
Fernando Holiday,51000,PATRIOTA,67715
Erika Hilton,50700,PSOL,50508
Silvia Da Bancada Feminista,50900,PSOL,46267
Roberto Tripoli,43666,PV,46219
Thammy Miranda,22000,PL,43321
André Santos,10456,REPUBLICANOS,41584
Rute Costa,45000,PSDB,41546
Eduardo Tuma,45555,PSDB,40270
Sansão Pereira,10300,REPUBLICANOS,39709
Luana Alves,50505,PSOL,37550
Atilio Francisco,10123,REPUBLICANOS,35345
João Jorge,45045,PSDB,34323
Faria De Sá,11152,PP,34213
Carlos Bezerra Jr.,45321,PSDB,34144
Rubinho Nunes,51051,PATRIOTA,33038
Eli Corrêa,25777,DEM,32482
Donato,13700,PT,31920
Rodrigo Goulart,55800,PSD,31472
Alessandro Guedes,13699,PT,31124
Janaína Lima,30300,NOVO,30931
Adilson Amadeu,25200,DEM,30549
Tripoli,45123,PSDB,30495
Jair Tatto,13114,PT,29918
Celso Giannazi,50789,PSOL,28535
Dra Sandra Tadeu,25000,DEM,28464
Juliana Cardoso,13222,PT,28402
Toninho Vespoli,50650,PSOL,26748
Marlon Do Uber,51234,PATRIOTA,25643
George Hato,15622,MDB,25599
Aurélio Nomura,45451,PSDB,25316
Senival Moura,13800,PT,25311
Alfredinho,13110,PT,25159
Arselino Tatto,13696,PT,25021
Fabio Riva,45780,PSDB,24739
Isac Félix,22678,PL,23929
Camilo Cristofaro,40400,PSB,23431
Ricardo Teixeira,25025,DEM,23280
Edir Sales,55123,PSD,23106
Ely Teruel,19001,PODE,23084
Marcelo Messias,15115,MDB,23006
Elaine Do Quilombo Periférico,50020,PSOL,22742
Gilberto Nascimento Jr,20200,PSC,22659
Eliseu Gabriel,40123,PSB,21122
Dr Milton Ferreira,19500,PODE,20126
Sandra Santana,45456,PSDB,19591
Danilo Do Posto De Saúde,19333,PODE,19024
Cris Monteiro,30002,NOVO,18085
Sonaira Fernandes,10120,REPUBLICANOS,17881
Paulo Frange,14444,PTB,17796
Missionário José Olimpio,25011,DEM,17098
Rinaldi Digilio,17444,PSL,13673
Major Palumbo,11193,PP,29086
Renata Falzoni,43010,PV,26078
Reis,13651,PT,23300
Manoel Del Rio,13613,PT,23075
Police Neto,55000,PSD,21608
Juntas Mulheres Sem Teto,50400,PSOL,21172
Hélio Rodrigues,13900,PT,20576
Noemi Nonato,22401,PL,18907
Felipe Franco,19777,PODE,18848
Andréa Werner,50005,PSOL,17565
Gilson Barreto,45678,PSDB,17540
Luna,13400,PT,17296
Toninho Paiva,22611,PL,17224
João Ananias,13644,PT,16821
Henrique Krigner,11011,PP,16670
André Soares,25005,DEM,16425
Nabil Bonduki Direito À Cidade,13777,PT,16379
Daniel Annenberg,45444,PSDB,15849
Naira Sathiyo,30321,NOVO,15791
Dalton Silvano,25888,DEM,15647
Beto Do Social,45777,PSDB,14854
Adriana Ramalho,45122,PSDB,14610
Ana Mielke,50075,PSOL,14392
Coronel Salles,55555,PSD,14117
Luiz Proteção Animal,19067,PODE,13208
Quito Formiga,45500,PSDB,12673
Jorge Wilson Filho,10000,REPUBLICANOS,12576
Carmen Silva,13300,PT,12427
Douglas Viegas Ninja,25034,DEM,12426
Juarez Pereira,25440,DEM,12340
Dalcides Neto,19577,PODE,11763
Zé Turin,10600,REPUBLICANOS,11746
Caique Mafra,10038,REPUBLICANOS,11519
Tamires Sampaio,13011,PT,11451
Keit Lima,50777,PSOL,11355
Matheus Mafepi,22022,PL,11182
Bioto Npn,17070,PSL,11035
Dr Barreira,20333,PSC,10945
Jose Maria Trindade,43363,PV,10803
Sônia Do Jaraguá É Guarani,50520,PSOL,10580
Mario Covas,19000,PODE,10568
Renata Pietro,45111,PSDB,10267
Ozziel Souza,45222,PSDB,10228
Andréa Neri Santana,10100,REPUBLICANOS,10213
Edson Japão,30000,NOVO,9836
Simone Nascimento,50555,PSOL,9733
André Bolini,30777,NOVO,9463
Dr Nunes Peixeiro,15400,MDB,9435
Masataka Ota,40096,PSB,9427
Kamia,19599,PODE,9255
Caio Miranda Carneiro,25111,DEM,9133
Marcelo Aguiar,25012,DEM,8700
Matheus Hector,30456,NOVO,8598
Alexandre Pires,45133,PSDB,8508
Gentil,17000,PSL,8480
Dr Calvo,19233,PODE,8368
Eliana Passarelli,10555,REPUBLICANOS,8204
Souza Santos,10777,REPUBLICANOS,7816
Armandinho Ferreiro,15500,MDB,7736
Marcelinho Carioca,17600,PSL,7574
Repórter Carlos Cavalcante,10177,REPUBLICANOS,7564
Abou Anni Filho,17010,PSL,7537
Leandro Gimenez,45157,PSDB,7458
Sargento Galesco,19190,PODE,7443
Miro Leitão,19800,PODE,7403
Welington Camargo,10010,REPUBLICANOS,7364
Ligieri,51007,PATRIOTA,6990
Joanna Douat,30005,NOVO,6969
Rogerio Graft,51444,PATRIOTA,6958
Vivi Mendes,13180,PT,6623
de Lucca,13000,PT,6319
Diretor Elias Junior,17300,PSL,6230
Maurren Maggi,25047,DEM,6228
Cleber Jacob Spdepre,55011,PSD,5981
Dr Adriano Santos,40007,PSB,5813
Yudi Watanabe,25700,DEM,5797
Inti Queiroz,50737,PSOL,5713
Cabrabom,19019,PODE,5589
Doutor Tanaka,40444,PSB,5535
Barolo,51633,PATRIOTA,5528
Mario Graf,14000,PTB,5272
Rodolfo Despachante,20000,PSC,5254
Waldir Júnior,55055,PSD,5248
Dra Roberta,30033,NOVO,5155
Wafá Kadri,30700,NOVO,5141
Santiago,45677,PSDB,5116
Fiscal Do Povo Wellington,17700,PSL,5065
Major Costa E Silva,14111,PTB,5060
Capitão Silva Rosa,25600,DEM,4992
Doutor Mohamed Youssef,19123,PODE,4981
Diana E Bancada Revolucionária,50200,PSOL,4968
Anibal De Freitas,25333,DEM,4954
Geraldo Malta,19999,PODE,4911
Dr Sampaio,10234,REPUBLICANOS,4862
Diogo Da Luz,30500,NOVO,4790
Caputti,25222,DEM,4729
Vavá Do Transporte,19015,PODE,4647
Magal Guerra,15100,MDB,4618
Luis Eduardo Bucciarelli,30003,NOVO,4558
Pastor Paulo Marcelo,19200,PODE,4486
Danilo Pássaro,50910,PSOL,4413
Cabo Barbosa,25900,DEM,4374
Roger Lin,19100,PODE,4373
Jonas Camisa Nova,25100,DEM,4365
Marcelo Juiz,25555,DEM,4253
Ricardo Holz,19011,PODE,4236
Neudo,14900,PTB,4221
Luli Sarraf,43004,PV,4200
Aline Torres,15900,MDB,4200
Doutor Walmir Rigueira,17011,PSL,4191
Rubão,22091,PL,4090
Samuel Emílio,40040,PSB,4090
Fran Kauê,19010,PODE,4005
Amanda Vettorazzo,51500,PATRIOTA,3978
Capitão America De Paula,15040,MDB,3945
Bruno Todos P Acessibilidade,45177,PSDB,3925
Rafael Romero,30030,NOVO,3915
Edson Marques,15815,MDB,3877
Buiu Do Povo,19888,PODE,3869
Mauricio Martins,15111,MDB,3797
Diego Hypolito,40004,PSB,3786
Ataide Da Bancada Resista,50000,PSOL,3776
Turco Loco,45288,PSDB,3747
Vinicius Schaefer,45400,PSDB,3596
Dr Bactéria,55888,PSD,3569
Pagu Rodrigues,13113,PT,3560
Jailson,40020,PSB,3550
Monica Cury,30010,NOVO,3541
Matheus Serafim,11000,PP,3495
Comandante Braga,51153,PATRIOTA,3467
Ernesto Teixeira,19910,PODE,3450
Renata Banhara,10180,REPUBLICANOS,3415
Waldir Lima,20222,PSC,3395
Tiago Silva,15333,MDB,3381
Luis Sobral,55321,PSD,3364
Coronel Velozo,17777,PSL,3335
Douglas Buscaratto,25055,DEM,3334
Pavinatto,51111,PATRIOTA,3298
Douglas Balbino,51333,PATRIOTA,3295
Amauri Silva,20633,PSC,3271
Gari Ester Lopes,25999,DEM,3099
Zé Nildo Com Coletivo Dpq,50456,PSOL,3084
Marilda Coberarte,10001,REPUBLICANOS,3064
Messina,55155,PSD,3060
Jean Madeira,25321,DEM,3059
Maria Saito,45007,PSDB,3044
Paraná Da Padoca,19191,PODE,3011
Prof Herbert Melo,40000,PSB,3006
Coronel José Roberto,45190,PSDB,2989
Mortadela,19212,PODE,2989
Dinei,10999,REPUBLICANOS,2960
Festival,45680,PSDB,2945
Ganja Coletiva,50420,PSOL,2891
Raf Fayad,11111,PP,2884
Alan Quintas,17222,PSL,2863
Divaldo Rosa,10200,REPUBLICANOS,2845
Cida Magrini,30001,NOVO,2743
Capitão Camasano,17181,PSL,2728
Edu Leporo,25800,DEM,2718
Sonia Coelho,13013,PT,2717
Prof Roberto Bolonhini Jr,40234,PSB,2711
Leiliane Mulher Maravilha,22777,PL,2711
Chiquinho Timóteo,14447,PTB,2659
Camilinho Bruno,17077,PSL,2591
Ale Soares,13456,PT,2587
Dra Tania Gasparetto,55001,PSD,2582
João Ortega,30100,NOVO,2563
Jair But But,50122,PSOL,2544
Chiquinho Noventa,25090,DEM,2528
Carlos Fabrini,51447,PATRIOTA,2519
Paulo Cahim,25654,DEM,2502
Ednelson Pacheco,22315,PL,2452
Rute Alonso,50250,PSOL,2439
Flavio Pires,25500,DEM,2435
Dra Patrícia Alonso,10318,REPUBLICANOS,2359
Naomy Schölling,30222,NOVO,2352
Daniel Da Orpas,15015,MDB,2324
Cleber Araújo,19012,PODE,2306
Isabel Marcelino,45019,PSDB,2303
Cris Abreu,19789,PODE,2299
Miguel Gianetti,15800,MDB,2287
Alberto Ribeiro,14666,PTB,2277
Capitão Laroca,40193,PSB,2275
Pastor Campos,22999,PL,2268
Prof Victor,14211,PTB,2250
Rubia Mara,55005,PSD,2248
Lili,13130,PT,2242
Juan Soto,25157,DEM,2216
Coronel Falconi,11911,PP,2194
Leandro Silva,43300,PV,2180
José Denicio,25045,DEM,2179
Luciana Trindade,40180,PSB,2177
Victor Mionzinho,30333,NOVO,2171
Dr Basilio,40111,PSB,2165
Coronel Marcelino,10880,REPUBLICANOS,2144
Douglas Frente Democrática,13083,PT,2122
Edson Coqueiro,10800,REPUBLICANOS,2097
Delegada Mônica Gamboa,19180,PODE,2096
Nunes,14777,PTB,2094
Prof. Renato Santos,19007,PODE,2059
Cal,19555,PODE,2057
Edson Carneiro Índio,50600,PSOL,2055
Dra Márcia Tapigliani,19519,PODE,2043
Roberto Pires,55633,PSD,2037
Cecilia Lotufo Ecoletivo,50021,PSOL,2037
Adriana Zink,45745,PSDB,2036
Ricardo Granja,55007,PSD,2005
Rosmaninho,17123,PSL,1998
Andre Venturini,55522,PSD,1990
Monica Berbel,25077,DEM,1982
Cabo Rita Guedes,17021,PSL,1969
Favella,15123,MDB,1953
Maria Clara,50024,PSOL,1949
Emerson Macarrão,13626,PT,1931
Dalmo,40011,PSB,1913
Andre Silva,13213,PT,1885
Jackson Santos,45145,PSDB,1878
Robson Carneiro,11625,PP,1877
Airton Neves,22070,PL,1861
Aline Paganotti,45353,PSDB,1856
Angélica Lovatto,50550,PSOL,1840
Bispo Varotto,51777,PATRIOTA,1820
Geraldo Ribeiro,40026,PSB,1809
Sargento Paulo,17190,PSL,1797
Fábio Souza,11020,PP,1787
Chico Paiva,40800,PSB,1778
Tio Fio,10990,REPUBLICANOS,1777
Professor Maeda,19700,PODE,1769
Prof Xikão,13600,PT,1764
Professor Vladimir,19230,PODE,1764
Veterinário Raphael Hamaoui,19018,PODE,1763
Santana Líder Comunitário,19345,PODE,1756
Sargento Tonny Santos,10190,REPUBLICANOS,1755
Fabiana Camargo,30180,NOVO,1753
Edson Passos,30303,NOVO,1748
Alessa,50055,PSOL,1746
Alex Do Social,10217,REPUBLICANOS,1741
Luiz Da Paz,19911,PODE,1736
Professor Marcos,19666,PODE,1731
Everton Potência,22212,PL,1731
Giza Lemos,22345,PL,1715
Regina Capão,13123,PT,1713
Caio Japa Morfo,51999,PATRIOTA,1709
Mel Dourado,25377,DEM,1701
Leandro Jesus,20470,PSC,1675
Mesquita,25255,DEM,1670
Dr David Zylbergeld Neto,30018,NOVO,1656
Professor Bruno Crispim,50322,PSOL,1638
José Bispo,19900,PODE,1634
Adriana Pierin,19269,PODE,1625
Sheik Rodrigo,50171,PSOL,1623
Dr Marcelo,20123,PSC,1619
Rodrigo Lopes,30600,NOVO,1606
Pepe,55156,PSD,1596
Mestre Serginho,14325,PTB,1589
Givanildo Gonçalves,13133,PT,1588
Jonatan Oliveira,10111,REPUBLICANOS,1570
Daniel Vieira,20555,PSC,1566
Prof Jose Carlos,19127,PODE,1559
Ewerton Carvalho,19319,PODE,1559
Cláudio Do Valença,19444,PODE,1552
Diego Monteiro,30730,NOVO,1540
Morgana Siqueira,45450,PSDB,1539
Wilians Buiu Eu Acredito,19400,PODE,1532
Paulo Roberto,17710,PSL,1527
Ailton Amaral,50123,PSOL,1527
Gabriella Bueno,45015,PSDB,1520
Odair Embalagens,15747,MDB,1517
Samuel Do Povo,15090,MDB,1503
Chiquinha Do Grajaú,11411,PP,1494
Adelson Coelho,45001,PSDB,1491
Sergio Shigeeda Ambientalista,19088,PODE,1489
Chicão,17327,PSL,1487
Elizete Miguez,15555,MDB,1470
Rogério Barrios,55777,PSD,1463
Airton Lopes,17111,PSL,1452
Professora Fernanda Alves,25179,DEM,1452
Marcos Antonio Coutinho,40101,PSB,1451
Irmã Anita,25300,DEM,1438
Clélia Gomes,19091,PODE,1438
Letícia Vasconcellos,51321,PATRIOTA,1437
Evando Reis,43000,PV,1435
Dr Manteiga,14181,PTB,1435
Fidel,40345,PSB,1427
Enfermeira Lucrecia,40555,PSB,1421
Coletivo Divercidadesp,50350,PSOL,1416
Fábio Teixeira,19234,PODE,1405
Elton Tony Pondé,55200,PSD,1405
Ismênio Dantas,45203,PSDB,1399
Andrézinho,20125,PSC,1397
Lais Taliberti,51011,PATRIOTA,1391
Marilandia Frazao Negras Vozes,13330,PT,1389
Serginho De Paula,25557,DEM,1388
Sargento Gledson,17090,PSL,1386
Fátima Barbosa,17251,PSL,1379
Professor Francisco José,19128,PODE,1378
Doutor Magrão,11300,PP,1363
Pedro Calmon,11500,PP,1358
Rui Torquato,50244,PSOL,1351
Salomão Pereira,17500,PSL,1344
Amarelinho,20800,PSC,1329
Tuany,45455,PSDB,1326
Viúva Leandra,19020,PODE,1323
Roberto Valença,15222,MDB,1322
Claudio Paranhos,17321,PSL,1317
Correia Jr,30555,NOVO,1317
Toninho Da Farmacia,10774,REPUBLICANOS,1309
Marcelo Castro,30800,NOVO,1308
Angela Quintanilha,30609,NOVO,1306
Professora Mara Leandro,45107,PSDB,1303
Sargento Janethe,11321,PP,1298
José De Deus,25678,DEM,1295
Everton Gugu,19873,PODE,1295
Renan Becare,11550,PP,1286
Guilherme Boaventura,15777,MDB,1278
Mizael Cassimiro,13132,PT,1270
Bruno Pieri,30123,NOVO,1262
Nelsinho Ferreira,22500,PL,1261
Sargento Lago,11222,PP,1257
Cabo Lígia,22190,PL,1254
Cabo Aliaga,20190,PSC,1249
Jacques Soares,10107,REPUBLICANOS,1235
Léo Onoda,45245,PSDB,1233
Washington Da Farmácia,19119,PODE,1233
Pedro Batista,13333,PT,1228
Sergio Roberto,51699,PATRIOTA,1221
Professor Alves,20138,PSC,1217
Silvio Valdissera,55855,PSD,1215
Fabian Primo Rico,22232,PL,1212
Silvia Siena,25020,DEM,1211
Coronel Coimbra,17050,PSL,1206
Ramon Vellardi,30330,NOVO,1204
Valdomiro Do Fórum Da Saúde,50999,PSOL,1197
Douglas Melo,17320,PSL,1197
Prof Oberto,40895,PSB,1187
Chiquinho Scarpa,55999,PSD,1177
Patricia Navarro,17177,PSL,1167
Adriana Oliveira,22200,PL,1165
Claudio Goulart Tortinho,15651,MDB,1163
Paulinho Paull,10021,REPUBLICANOS,1151
Dr Fabiano Souza Ramos,10222,REPUBLICANOS,1150
Mario Alberto,10712,REPUBLICANOS,1144
Nadais,19833,PODE,1136
Camila Tapia,10101,REPUBLICANOS,1135
Luiz Renato,30011,NOVO,1127
Edmar Silva,13565,PT,1123
Enio,55111,PSD,1117
Maisa Silas,15156,MDB,1100
Carlão Do Social,19030,PODE,1098
Casé Da Bancada Sustentável,43444,PV,1089
Débora Moral,19300,PODE,1084
Geraldo Reis Da Habitação,10211,REPUBLICANOS,1081
Figueiredo Júnior,22153,PL,1081
Pr Paulinho Aleluia,20777,PSC,1080
Edu Domingues,30444,NOVO,1052
Nazaré Braga,40222,PSB,1048
José Rolim,55678,PSD,1039
Damião Oliveira,50500,PSOL,1038
Delegado Pepe,11777,PP,1034
Major Cardoso,17900,PSL,1034
Jamanta,50111,PSOL,1033
Serjão Da Negritude,40017,PSB,1032
Andrea Reis,11333,PP,1031
Mayra Miranda,25010,DEM,1031
Luiz Chagas,17778,PSL,1029
Jairinho,10131,REPUBLICANOS,1023
Renan Poli,45645,PSDB,1015
Gilson Basemóvel,17174,PSL,1014
Pastora Iza,25150,DEM,1013
J P Demasi,50050,PSOL,1013
Ana Graf,17317,PSL,1007
Andreia Ursula,14567,PTB,1003
Reinaldo Fernandes,22444,PL,996
Paula Brum,11888,PP,994
Cabo Ageu,17187,PSL,993
Lucas Wrigg,22292,PL,990
Silvia Nagata,19009,PODE,988
Lilian Alves,10224,REPUBLICANOS,987
Sabrina Spinelli,40230,PSB,980
Soares Alemão,22066,PL,979
Eliane Do Mercadinho,15215,MDB,979
Edmilson Osorio,19008,PODE,978
Dania Lima,10127,REPUBLICANOS,973
Marcia De Thuin,51100,PATRIOTA,973
Aluízio Tonidandel,43777,PV,970
Leandro Braga,20111,PSC,970
Marcos Ms,50299,PSOL,966
Xerife Marcelo Cury,25123,DEM,965
Lúcio Chama,22333,PL,963
Dr Alessandro,10511,REPUBLICANOS,961
Kid Bengala,14033,PTB,956
Policial Lucélia,17540,PSL,948
James Losacco,45012,PSDB,943
Ronaldo Leite,40573,PSB,939
Garry,13100,PT,938
Coronel Castro,17881,PSL,930
Bananinha Maluco,15005,MDB,922
Edinalva Da Comunidade,55331,PSD,921
Daniel Braga,14550,PTB,921
Andrezão Do Povo,43999,PV,919
Celinho Fat Family,14888,PTB,919
Elvis Esse Eu Conheço,14456,PTB,919
Professora Haidee,25001,DEM,917
Alle Pimenta,11800,PP,906
Bruno Nabuco,45333,PSDB,902
Pastor Messias Pereira,13444,PT,900
Normandy Pantera Negra,13111,PT,898
Cleomenes Júnior,22800,PL,897
Mauricio Domingos,10910,REPUBLICANOS,896
Fernanda Santos,10108,REPUBLICANOS,894
Dr Arnaldo Dantas,14121,PTB,893
Ceara,15007,MDB,889
Edy De Paula,51251,PATRIOTA,889
Dr Marco Aurelio,15080,MDB,885
Josie Priscila,45889,PSDB,884
Coronel Marcel Soffner,17007,PSL,883
John Carvalho,10070,REPUBLICANOS,880
Sergio Terra,17147,PSL,872
Glaucia Maximo,20500,PSC,872
Leo Ramos,55432,PSD,859
Toni Zagato,50234,PSOL,856
Sergio Augusto Da Cultura,19559,PODE,853
Dacio Pretoni,55588,PSD,847
Osmi Da Sáude,43020,PV,840
Professor Igarashi,45281,PSDB,837
Abencoado Da Bahia,20888,PSC,834
Cidinha Raiz,19006,PODE,833
Joana Daque,10987,REPUBLICANOS,832
Zito Amaral,40580,PSB,830
Viviane Ferreira Procopio,15140,MDB,828
Edson Queiroz,45454,PSDB,824
Leandro Calil,19876,PODE,824
Subtenente João Marcelo,17771,PSL,823
Guedes Discípulos,10678,REPUBLICANOS,821
Professora Sétima Araújo,25007,DEM,819
Nélio Rosa,17200,PSL,819
Junqueira,19199,PODE,818
Valentim Junior,15077,MDB,818
Reverenda Alexya Salvador,50321,PSOL,814
Levi Cavalini,17234,PSL,812
Danilo Manha,19222,PODE,812
Fabio Arruda,17024,PSL,809
Beto Freire,14920,PTB,808
Professor Toninho Beraldo,17162,PSL,806
Tati De Sampa,40640,PSB,806
Inspetor Paschoal Guardião,17987,PSL,805
Geraldo Nóbrega,40001,PSB,804
Eridani Vilela,17333,PSL,804
Brito,19122,PODE,800
Socorro Da Habitação,22221,PL,799
Andrea De Paula,15158,MDB,798
Cabo Izaias,11010,PP,796
Francisco Claudino,10122,REPUBLICANOS,792
Ray Do Pescado,10110,REPUBLICANOS,785
Beto Sartori,17878,PSL,782
Juarez Domingos,20700,PSC,780
Breno Da Carreta,43431,PV,778
Professora Berta,22510,PL,777
Diretor Goiabinha,11555,PP,775
Roque Pereira Morais,10360,REPUBLICANOS,775
Marcelo King,20773,PSC,773
Deferson Lima,10012,REPUBLICANOS,772
Fabio Batista,25026,DEM,771
Fabio Lima,10020,REPUBLICANOS,769
Ricardo Penteado,25017,DEM,769
Douglas Witzel,40456,PSB,768
Pedrão Da Lotação,14156,PTB,767
Cassio Vinte Seis Da Norte,20026,PSC,767
Anadethy Caravanista,15017,MDB,765
Wellington Alves,22555,PL,762
Valdinei Santana,20207,PSC,760
Clovis Jurado,14014,PTB,758
Gil Da Borracharia,10655,REPUBLICANOS,755
Meire Carvalho,55655,PSD,753
Yuri Costa,14222,PTB,749
Farid,19600,PODE,746
Ricardo Miranda,22010,PL,743
Jacke Oliveira,43111,PV,743
Marcelo Zuquini,25699,DEM,742
Bancada Antifascista,13999,PT,738
Engenheiro Ernane,55355,PSD,737
Adria Giaccheri,15150,MDB,733
Jeferson Costa,14400,PTB,722
Gil Silva,40322,PSB,721
Nicival Martins,22680,PL,715
Valentim,14011,PTB,715
Ailton Bispo,20024,PSC,714
Kazveg,40022,PSB,710
Luciano Fattori,10181,REPUBLICANOS,705
Fhiama Raquel,45666,PSDB,701
Bia Botelho,19707,PODE,697
G Black,10661,REPUBLICANOS,697
Joao Bosco,10400,REPUBLICANOS,697
Bispo Djalma Bento,10050,REPUBLICANOS,695
Kurt,17310,PSL,694
Jarrie Barbosa,13313,PT,692
Carlos Cordiolli,40156,PSB,691
Professor Benilton,20199,PSC,689
Professor Roberto Carlos,50136,PSOL,688
Silvio Penteado,10060,REPUBLICANOS,684
Professora Ana Sabóia,22563,PL,684
Renata Peron Bancada Artevista,19502,PODE,678
Prof Carlos Augusto,40897,PSB,677
Coronel Miotto,20911,PSC,673
Cristiano Fonseca,10199,REPUBLICANOS,668
Paraiba,13001,PT,663
Arquiteto Marcelo Braga,17056,PSL,661
Fabiola Coletivo Mãe Terra,50180,PSOL,660
Renata Morais,50333,PSOL,659
Lucélia Moura,13963,PT,658
Dra Patricia Ferreira,51707,PATRIOTA,649
Patricia Andrade,25550,DEM,646
Edson Da Fogazza,40212,PSB,644
Chicó,22123,PL,641
O Defensor Das Mulheres,40100,PSB,638
Luciano Klein,51550,PATRIOTA,635
Solange Morais,14017,PTB,634
Rafael Negrão,50300,PSOL,634
Luiz Castro,55222,PSD,631
Dra Tati Cruz,19181,PODE,631
Dra Patricia Mazzarioli,14277,PTB,630
João Bezerra,19219,PODE,626
Dr Claudiney,40085,PSB,624
Nadir Sampaio,13500,PT,622
Cabo Gomes,20099,PSC,621
Elaine Caparróz,25121,DEM,620
Delmar Binas,10444,REPUBLICANOS,613
Dr Sergio Ricardo,20220,PSC,613
Mauro Marinho,17030,PSL,613
Rodrigo Ras,25677,DEM,607
Agripino Magalhães,40700,PSB,607
Dra Joana D'arc Figueira,55077,PSD,606
Sandro De Toledo,25190,DEM,603
Ana Soares,15154,MDB,600
Rodrigo Vianna,19456,PODE,598
Reginaldo Lopes,43400,PV,597
Dra Cristiane Gomes,19321,PODE,597
Paulo Rocha,50888,PSOL,596
Silvia Nakano,10700,REPUBLICANOS,590
Cabo Geovannes,51099,PATRIOTA,590
Batista Linares,11121,PP,583
Mylene Do Poderosas De Batom,19803,PODE,582
Ivanildo Paraiba,43133,PV,582
Eli Correia De Melo,19677,PODE,581
Tio Valter,20996,PSC,580
Alfredo Loebeling,14333,PTB,575
David Ben Avram Burikita,55518,PSD,573
Gil Do Povo,10022,REPUBLICANOS,568
Sylvia Beatrix,55455,PSD,567
Irmao Pedro,20045,PSC,566
Jeferson Santos,10280,REPUBLICANOS,564
Queli Quebec,25192,DEM,563
Paulo Maluf,19111,PODE,563
Wilson Rossi,11444,PP,563
Geraldinho,10011,REPUBLICANOS,561
Rapper Pirata Bancada Hip Hop,13413,PT,559
Betth Ripolli,25400,DEM,557
Monica Caccia,45600,PSDB,556
Marli Higina,10729,REPUBLICANOS,556
Fabricio Tevez,19419,PODE,553
Raphaela Galletti,55110,PSD,552
Mauricio Frate,15155,MDB,552
Paulo Sansevero,43100,PV,551
Fernanda Tico,25247,DEM,547
Enf Alzira Bombonato,50124,PSOL,546
Eliane Andrade,10024,REPUBLICANOS,545
Sergio Pereira,51800,PATRIOTA,544
Jaque Sotanyi,45050,PSDB,543
Dr Claudio Santos,55030,PSD,541
Cabo Regina,51180,PATRIOTA,539
Cintia Santana,10316,REPUBLICANOS,537
Álvaro Jeronymo,50288,PSOL,535
Ricardo Campoi,15456,MDB,534
Raul Thame,43420,PV,532
Eliana Marucci,15915,MDB,530
Marli Pozzani,14700,PTB,529
Camilo,14077,PTB,524
Sargento Moterani,11190,PP,524
Jaque Petrovik,25024,DEM,523
Vânia Da Paixão,10776,REPUBLICANOS,521
Rafael Capalbo,51666,PATRIOTA,521
Vivian Castro,40654,PSB,520
Wellington Reis,40130,PSB,518
Marcia Nunes,55500,PSD,518
Ygurey,17255,PSL,518
Elisabeth Amorim,40121,PSB,516
Borges,22157,PL,514
Podóloga Val Dutra,19627,PODE,514
Paulo China,14800,PTB,514
Vera Andreoli,25717,DEM,511
Ane Sollar,40140,PSB,510
Osvaldo Meneses,22322,PL,509
Cláudio Grillo,10666,REPUBLICANOS,508
Irmão Duda,20444,PSC,508
Zé Do Bode,17888,PSL,507
Valdo Da Comunidade,43330,PV,505
Dr. Adê,43743,PV,504
Luciano D'annibale,14555,PTB,503
Bruna Lee,15300,MDB,502
Maradona,15258,MDB,499
Lucelio,14001,PTB,497
Néia Do Bairro,14523,PTB,497
Wilson Mello,30422,NOVO,496
Janete Camargo,19270,PODE,495
Prof Pedro Bernardes,50800,PSOL,495
Daniela Bruzarrosco,22888,PL,493
Maurício Macedo,55789,PSD,492
Holancio Fernandes,10133,REPUBLICANOS,491
Dr Zito,15151,MDB,487
Sabrina Marques,11181,PP,485
Papai Noel Toninho Gusman,14025,PTB,484
Tião Arantes,11211,PP,484
Francisco Pessoa,40888,PSB,484
Vera Tomaz De Lima,15656,MDB,483
Andre Alves,13064,PT,483
Professor Grego,10140,REPUBLICANOS,480
Leandro Lembo,14193,PTB,480
Jean Campos,22130,PL,476
Neidoca De Heliópolis,25116,DEM,475
Rosivaldo Moreira,50444,PSOL,474
Luciana De Jesus,14200,PTB,472
Julio Cesar Piruka,43210,PV,471
Carolina Agnello,45188,PSDB,471
Clovis Costa,50150,PSOL,470
Lelo,43430,PV,469
Patrícia Penna,43888,PV,468
Gilberto Souzza,30111,NOVO,468
Bahea,15200,MDB,466
Claire Barbagallo,45445,PSDB,465
Odilia Souza,20316,PSC,465
Kelly Do Basquete,14015,PTB,464
Vanice Camargo,19755,PODE,461
Major Ventura,14190,PTB,461
Simone Costa,17524,PSL,460
Zezé Nogueira,45054,PSDB,459
Cezinha Do Transporte,10023,REPUBLICANOS,459
Pardal Consulado,15190,MDB,458
Marcilio,45459,PSDB,456
Fátima Aguiar,14053,PTB,454
Márcio Pereira,43011,PV,454
Ana Lazarim,25014,DEM,451
Mayara Tavares,51101,PATRIOTA,451
Waldir Tiveron,17374,PSL,450
Denilson Ribeiro,55900,PSD,450
Iolanda Ruas,55333,PSD,446
Carlos Januario,13450,PT,445
Priscila Anupan,50990,PSOL,445
Caetano Do Forró,20321,PSC,445
Delegado Marçal Honda,15315,MDB,443
Marcus Paixão,30050,NOVO,439
Netinho Josué,22155,PL,437
Gabrielle Brandão,14440,PTB,436
Vanderlei Adega,22160,PL,435
Renato Candido Cineasta,13310,PT,435
Emerson Zocchi,17051,PSL,433
Helio Ramos,10003,REPUBLICANOS,433
Gil Rodrigues,20077,PSC,433
Edson Almeida,17377,PSL,430
Lele Rampazzo,55151,PSD,429
Ricardo Capuchinho,45170,PSDB,425
Conceição Moreira,45033,PSDB,418
Biel Oliveira,40321,PSB,416
Ricardo Rei,10522,REPUBLICANOS,415
Sebastião Dantas,15120,MDB,415
Bryan Coelho,14569,PTB,415
Fabiola Chaguri,20100,PSC,414
Sergio Gim,15130,MDB,414
Professora Teresa Cristina,11156,PP,412
Fabricio Artur,30004,NOVO,412
Mateus Rodrigues,13555,PT,411
Maristela Trindade,20038,PSC,408
Fabiano Gurgel,40277,PSB,408
Roberto Henrique,43456,PV,407
Adão Nascimento,10004,REPUBLICANOS,406
Tenente Breno Freire,17707,PSL,404
Adail Leite,22210,PL,403
Dorinha Alves,43007,PV,398
Lu Senna Vieira,50220,PSOL,391
Adeilton Almeida,15023,MDB,389
Bombeiro Costa,15193,MDB,388
Toninho Adb,22261,PL,387
Dani Barretto,15999,MDB,386
Aloisio Silva,43002,PV,381
Risoleta Estrela,14050,PTB,380
Silvia Nogueira,50433,PSOL,379
Professora Maria Martins,45700,PSDB,378
Lurdinha,51900,PATRIOTA,377
Arlindo Barbosa,40023,PSB,377
Arlindo,40300,PSB,377
Airton Barbosa,20456,PSC,376
Xerife Animal,17400,PSL,376
Rocha,15003,MDB,374
Marcos Da Farmácia,22020,PL,374
Regina Pedroso,43600,PV,374
Juliany Reis,45800,PSDB,374
Silva Da Imobiliaria,20234,PSC,373
Jpds Estrada Da Vida,22064,PL,372
Célia Nair,13422,PT,372
Osvaldo Gomes,15060,MDB,371
Adilson Pereirão,22026,PL,370
Wilson Primo,14003,PTB,369
Julio Clímaco,50211,PSOL,368
Zenil Baixinho Da Estação,40133,PSB,368
Cicero Menezes,20900,PSC,367
Professora Neusa,19079,PODE,366
Sandra Camillo,45577,PSDB,366
Fernando Negretti,15600,MDB,364
Otacilio Pinheiro,19002,PODE,363
Luizinho Do Nhocuné,40177,PSB,361
Marcinho,19919,PODE,361
Apostolo Gerson Bentes,20020,PSC,360
Valdemir Braga,13780,PT,359
Jadir Porto,14763,PTB,355
Dra Aline Parrado,40202,PSB,355
Gilmara Vanzo,11117,PP,355
Patrícia França,43123,PV,355
Contador Baracho,20040,PSC,354
Welison Santos,40018,PSB,352
Ricardo Custódio,17678,PSL,351
Sandra Pedrosa,17567,PSL,350
Renato Assad,50011,PSOL,350
Chrystyan Gomes,50369,PSOL,349
Junior Pinheiro,11123,PP,347
Selmer,43643,PV,344
Professor Elias Mascena,50344,PSOL,343
Raimundo Lemos,13199,PT,342
Alê Fasano,30007,NOVO,338
Shirlei Moura,40221,PSB,337
Creuza Cruz,20250,PSC,335
Rose Aleixo,13713,PT,334
Psicologa Isabel Paegle,40633,PSB,333
Professora Estelita,13200,PT,333
Inara Mel,19120,PODE,333
Alexandre Montoro,15888,MDB,332
André Do Povo,13666,PT,332
Preta,14008,PTB,331
Artur Neto,51369,PATRIOTA,331
Professora Meire Balarin,43200,PV,330
Vevéta,17434,PSL,327
Julia Barbuio,40008,PSB,326
Madalena De Laura,20300,PSC,326
Dona Jura,43440,PV,325
Leandro Cussolini,22146,PL,324
Ammie Graves,45125,PSDB,324
Angela Alves,50091,PSOL,323
Gleby,43313,PV,322
Messias Da Oficina,22230,PL,321
Patrícia Mota,51823,PATRIOTA,321
Chagas,22060,PL,319
Prof Cassio Fonseca,14321,PTB,319
Almeida Macarrão,10153,REPUBLICANOS,319
Gil Freire,13038,PT,319
Leonardo Grandini,55100,PSD,319
Cris Bernart,51001,PATRIOTA,318
Miss Valquiria,20009,PSC,317
Ricardo Lima,50850,PSOL,317
Cris Mendes,43222,PV,315
José Luiz,55010,PSD,314
Duarte,14064,PTB,314
Ximenes Junior,45013,PSDB,313
Nego Einstein,14210,PTB,312
Wander,40010,PSB,311
Elo Lima,43017,PV,310
Léo Lemos,22589,PL,309
Pastor Manoel,15008,MDB,307
Graça Ferrari,11100,PP,307
Renata Mello Pokas,19172,PODE,307
José Vasconcelos,40200,PSB,307
Nildo Silvestre Diversos,40044,PSB,306
Antonio Avelino,13159,PT,304
Augusto Nunes,55177,PSD,303
Popó Do Cemitério,55990,PSD,302
Ângela Rodrigues,13378,PT,301
Norberto Vila Ema,14520,PTB,300
Adriano Messias,11101,PP,300
Dra Laura Gasbarro,40789,PSB,300
Linda Basilio,55513,PSD,298
Zulu,15909,MDB,296
Orlando Moreira,20201,PSC,296
Comandante Valadão,20007,PSC,295
Danylo Neves,45789,PSDB,295
Galdino,55866,PSD,294
Jorge Monteiro,15551,MDB,294
Dr Levi Serra,20211,PSC,294
Promotor Gui,45984,PSDB,294
Elza Martins,40144,PSB,293
Andréa De Heliópolis,14013,PTB,290
Rogério De Jesus,45312,PSDB,288
Augusto Marsiglia,51115,PATRIOTA,288
Gislaine Lambert,55120,PSD,286
Beto Siqueira,20192,PSC,285
Izamar,13227,PT,285
Genival Calixto,50010,PSOL,283
Bruno Theophilo,43333,PV,283
Vand,13120,PT,282
Kelly Estefano,11511,PP,281
Eliane Kanayama,22400,PL,280
Arthur Mascarenhas,17667,PSL,280
Dra Stela Maris,10888,REPUBLICANOS,279
Luan Sousa,43190,PV,278
Dra Ivone Ribeiro,10033,REPUBLICANOS,277
Dra Marly Lamarca,14144,PTB,276
Dr Elmo Davila,40009,PSB,276
Luciana Maria,22741,PL,276
Sonia Lima,20133,PSC,275
Regina Salles,20044,PSC,274
Marcos Evangelista,20339,PSC,273
Patricia Gomes,15001,MDB,273
Marcio Entregador,51789,PATRIOTA,270
Elton Santos,50007,PSOL,269
Fabiano Ramalho,50100,PSOL,267
Kleber Kibe,22198,PL,267
Bruno Cypriano Rinco,40401,PSB,265
Diego Varjão,13017,PT,264
Geraldo Pacheco,11131,PP,261
Fábio B Júnior,51909,PATRIOTA,261
Manoel Silva,55577,PSD,260
Brenner,13137,PT,260
Doutora Sandra Ojeda,22102,PL,259
Noemia Fonseca,17890,PSL,256
Santana,51020,PATRIOTA,256
Gustavo Pontes,45545,PSDB,255
Luiza De Guaianases,40179,PSB,254
Zerildo,45441,PSDB,254
Euri Ferreira,43230,PV,252
Rosangela Luz,17770,PSL,251
Tião Nicomedes,13455,PT,250
Douglas Barra,55647,PSD,250
Benicio Cunha,15145,MDB,246
Karla Juliane,15180,MDB,246
Solange Brito,14633,PTB,245
Rosangela,15567,MDB,245
Edu Da Luz,51360,PATRIOTA,245
Eliana Fazanni,55133,PSD,244
Mestre Paulo,20018,PSC,243
Nec Campos,13269,PT,243
Gilson Libório,17456,PSL,242
Evelyn Chavez,25591,DEM,242
Nancy Ortiz,10027,REPUBLICANOS,241
Nanci Da Moradia,10510,REPUBLICANOS,239
Silvia Marques,15700,MDB,238
Ricardo Pit,13016,PT,238
Janaina Xavier,13688,PT,238
Engenheiro Maykon Barros,22119,PL,236
Felipe Teixeira,45175,PSDB,235
Roberto Corretor,22300,PL,235
Sara Prota,22412,PL,235
Neuza,17033,PSL,234
Ivone Gressens,17717,PSL,234
Minervino Dos Pets,14150,PTB,233
Carol Mantovani,15004,MDB,233
Alessandra Lobinha,22373,PL,232
Henrique Aguiar,10018,REPUBLICANOS,231
Dailas Rodrigues,17936,PSL,231
Roseli Corretora,40777,PSB,230
Sil Meire,19050,PODE,230
Dr. Alexandre,45018,PSDB,230
Del Carmem,55223,PSD,229
Bruno Assunção,55085,PSD,228
Aurelia Cinaqui,20033,PSC,226
Roberto Pozzi Duda,40013,PSB,224
Deldi Teixeira,20600,PSC,222
Marco Hebrom,55258,PSD,222
Tathiana Freire Nunes,43043,PV,222
Valdemar Rosendo,22227,PL,221
Lucilete,13231,PT,221
Binho ,15415,MDB,221
Andrea Nakassu,17225,PSL,221
Martha Campos,43132,PV,220
Leonardo Clementino,40999,PSB,220
Natanael,50012,PSOL,220
Cabo Edjane,14789,PTB,220
Tchê,51313,PATRIOTA,220
Pastora Vanessa Cezar,14100,PTB,219
Jonas Marcelino,40055,PSB,218
Moisés De Santana Pil,22192,PL,217
Fernando Sousani,50222,PSOL,217
Zurah Ortiz,14114,PTB,216
Aline Moura,20987,PSC,216
Fernando Abreu,45021,PSDB,215
Pedala Robinho,15678,MDB,213
Allan Brito,13025,PT,213
Valter Lima,43070,PV,212
Professor Alexandre,45008,PSDB,212
Alexandre Xan,14020,PTB,212
Edney Vassalo,55020,PSD,211
Jorge Varelas,51450,PATRIOTA,211
Pastora Rose,15789,MDB,210
Jurandir Marques,43700,PV,210
Uilian Pneuspontocom,14300,PTB,208
Doutor Emidio,15135,MDB,207
Apóstolo Roberto,43234,PV,207
Leninha,20021,PSC,207
Francisco Papaiano,22033,PL,207
Clarice Barbosa,55656,PSD,204
Elizabete Soares,40330,PSB,204
Clovis Cunha,14005,PTB,203
Augusto Gonzales,45452,PSDB,203
Bella Oyaa,22003,PL,203
Fabio Costa,55505,PSD,202
Pascoal Leal,43567,PV,201
Maria Schuck,20380,PSC,201
Vilma Martins,10277,REPUBLICANOS,201
Cachorro Caramelo,51888,PATRIOTA,201
Chuks Iloegbunam,45191,PSDB,200
Paulo Yasser,11030,PP,200
Professor Munhoz,20360,PSC,200
Elisson Araujo,20230,PSC,200
Silas Miguel,45137,PSDB,199
Félix Pereira,22263,PL,198
Rowilson,14141,PTB,198
Maestro Alex,11110,PP,197
Mario Neves,45002,PSDB,194
Leka Motta,17330,PSL,194
David Alexander,20148,PSC,194
Sandra Porto,55167,PSD,193
Bombeiro Moro,17193,PSL,193
Tio Lauro,22334,PL,192
Dra Elizabeth Galvão,43500,PV,192
Rute Malka,45300,PSDB,192
Tide Cowboy,14511,PTB,191
Dgguirra,45707,PSDB,189
Gil Candido,13654,PT,188
Gilson Teixeira,40012,PSB,187
Professora Jandira,25748,DEM,186
Capitao Eiji Santana,20120,PSC,186
Natã Costa,51050,PATRIOTA,186
Elisangela Torres,40141,PSB,185
Marcelo Taz,43072,PV,185
Kaçula,43121,PV,185
Pastor Cássio,22775,PL,184
Elvio Fernandez,20999,PSC,183
Esmeria Aquino,15020,MDB,183
Marcosnorthcoast,13010,PT,183
Simone Santos,19355,PODE,182
Cintia Beltrame,15515,MDB,181
Tavolari,25125,DEM,180
Gil Santos,13236,PT,180
Maria Marinho,55269,PSD,179
Susan Biselli,11033,PP,179
Fabiane Marques,22700,PL,179
Rogério Souza,43250,PV,178
João Joaquim Dos Santos,14112,PTB,176
Pastor Claudevan,55728,PSD,176
Leandro Morais,45713,PSDB,176
Nailson Ferreira,43331,PV,175
Carlos André,22262,PL,175
Lavoura,43332,PV,174
Reinaldo Carrera,14714,PTB,174
Angela Teles,17405,PSL,174
Marcia Valeria,20477,PSC,174
Dilma Teixeira,10220,REPUBLICANOS,173
Crisão Da Periferia,22137,PL,172
Fabricio Brasil,14123,PTB,171
Marcelo Amadio,14101,PTB,170
Amanda Marchesoni,14999,PTB,169
Celda Nice,13733,PT,168
Agustin Carballo,20010,PSC,166
Kaká Silva,43800,PV,165
Cicera Maria,13018,PT,165
Maria Léo Maia,55015,PSD,164
Anderson Camargo,51950,PATRIOTA,164
Gih Santana,11999,PP,162
Valeria Itri,20903,PSC,161
Mary,13976,PT,161
Solange Paula,10124,REPUBLICANOS,161
Neilo Siqueira,20030,PSC,160
Marcos Medeiros,13601,PT,160
Arthur Russo,45253,PSDB,159
Bel Oliveira,45108,PSDB,158
Ailton Simões,43144,PV,157
Andréa Santos,25035,DEM,156
Beth Almeida,20738,PSC,155
Iara Gusmão,14088,PTB,153
Michael Santos,14613,PTB,153
Creusa Vieira,19610,PODE,151
Lia Xavier,25060,DEM,151
Roberval Panzer,11001,PP,151
Francisco José,55125,PSD,149
Shirley Damascena,25180,DEM,148
Wenderson,15165,MDB,145
Rodrigo S Gonzales,22011,PL,145
Genival Zelador,15185,MDB,144
Daniel Cordeiro,55329,PSD,143
Marcela Itokazu,11128,PP,142
Luis Vallejo,51911,PATRIOTA,141
Samuel Guimarães,45232,PSDB,141
Fernando Foratto,15030,MDB,140
Prof Jorge,13007,PT,139
Marcia Procópio,45973,PSDB,139
Ialon Souza,22470,PL,139
Prof Vania Tadeu,14029,PTB,138
Arão Gonzaga,55532,PSD,138
Sandrinha,45900,PSDB,138
Vô Edilson,40135,PSB,137
Dias Motoca,51752,PATRIOTA,136
Bill Melo,45006,PSDB,136
Jacinta Bezerra,11012,PP,135
Luciana Steagall,19188,PODE,135
Ricardo Vieira,43969,PV,133
Glorya Ryos,20789,PSC,131
Marcia Bueno,14056,PTB,131
Flor Pinheiro,40021,PSB,130
Sergio Cury,51359,PATRIOTA,129
Ricco Santorello,10007,REPUBLICANOS,129
Leticia Taccola,15775,MDB,129
Patolino,43558,PV,128
de Paula,43943,PV,127
William Sos,15192,MDB,127
Ivana Ribeiro,11107,PP,126
Paulo Pilla,15009,MDB,126
Zebrão,14030,PTB,125
Henrique Outeda,55012,PSD,125
Vinicius Matarazzo,11312,PP,125
Luciana Mansor,17473,PSL,123
Angelica Hadi,14002,PTB,123
Tia Dilcéia,43934,PV,122
Paula Lima,55828,PSD,120
Maria Joseilda,20117,PSC,119
Doutor Adilson Medeiros,20338,PSC,118
Letícia Brasil,45722,PSDB,118
Nair Alves,45510,PSDB,117
Nilo Lima,22747,PL,117
Penteado,22111,PL,117
Valter Simioni,45022,PSDB,116
José Claudio Lima,45193,PSDB,115
André Barbosa,45826,PSDB,111
Marco Vegano,15011,MDB,110
Zazá,13420,PT,110
Chico Pansiga,55300,PSD,109
Jucymara Rangel,22340,PL,108
Carô,50736,PSOL,106
Denise Assunção,13003,PT,105
Ineuva Gine,40152,PSB,103
Dilton Alves Lulinha,13185,PT,103
Luiz Matias,22236,PL,103
Lucila Caldas,55255,PSD,102
Edinaldo Bora,40195,PSB,102
Professor Nilson Zimantas,43177,PV,102
Vovó Equilibrista,15152,MDB,101
Jamilzinho Comunidade,40236,PSB,101
Graça Macedo,14007,PTB,101
Tenente Ferreira Neto,17556,PSL,101
Jorge Matos,11234,PP,100
Eli Santos,20551,PSC,100
Luizinho Da Cultura,40643,PSB,99
Douglas Wilson,10369,REPUBLICANOS,99
Nilton Vidal,20014,PSC,98
Prô Majô,51088,PATRIOTA,98
João Batista,45665,PSDB,98
Tiago MotoBoy,43343,PV,97
Talita Oliveira,55911,PSD,97
Thays Da Nóbrega,51015,PATRIOTA,97
Sonia Ribeiro,51097,PATRIOTA,97
Tata,40987,PSB,96
Solange Pedro,17148,PSL,95
Meu Jovem,15451,MDB,94
Miriam De Souza,55066,PSD,93
Marcos Alimari,15770,MDB,93
Samantha Dias,43041,PV,92
Dr João Antonio,14377,PTB,91
Norlay Costa,50955,PSOL,91
Sara,40224,PSB,90
Silvania Pinheiro,14044,PTB,88
Agente Jota,20707,PSC,88
Engenheiro Barudi,14970,PTB,87
Antonia,43003,PV,87
Carlos Ferreira,50450,PSOL,85
Paolillo,22228,PL,83
Maria Alice,15002,MDB,83
Martha Leitão,40005,PSB,83
Rógerio Ponciano,13178,PT,82
Prof Sonia Maria,10188,REPUBLICANOS,80
Ivete Souza,22057,PL,79
Diel Mita,43321,PV,76
Diogo Coriolano,13183,PT,74
Benoni Moura,22223,PL,72
Sonia Guerreiro,20944,PSC,71
Cristiane Trigueiro,15615,MDB,69
Zenaide Da Silva Araujo,22415,PL,65
Wilson Ferreira,40880,PSB,65
Elô Fulniô,43040,PV,63
Roberto Mota,11674,PP,61
Katia Machado,14580,PTB,61
Edi Gomes,22268,PL,60
Elenir,17618,PSL,56
Alex Guara,14312,PTB,54
Lucas Cavalcante,14280,PTB,53
Juliana Valentim,14234,PTB,52
Maria Emília,22218,PL,50
Odalia Da Conceição Alcantara,15149,MDB,49
Danilo Santos,43789,PV,49
Malu Silva,17039,PSL,48
Sandey,13822,PT,46
Míster Morgan,43766,PV,45
Bru Potame,22126,PL,45
Demian Feldman,43143,PV,44
Gerson Luis,22499,PL,44
Edy Martins,10728,REPUBLICANOS,43
Mirian Pereira,20400,PSC,41
Maria Oneida,13374,PT,40
Cristiane Araújo,13433,PT,38
Iranildo,14160,PTB,33
Graça Dias,22552,PL,33
André Falcon,43290,PV,31
Professor Luciano,20564,PSC,30
Mateus Esperança Pam Pam,43660,PV,29
João Leite,22481,PL,28
Ester Silva,43345,PV,27
Antoninha,22280,PL,23
Rosangela Rosa,17428,PSL,22
Janete,43044,PV,21
Reinaldo Skal Tixirica,43199,PV,17
Ela,10830,REPUBLICANOS,14
Prof Eliseu Timotheo,14075,PTB,11
Rosário De Fátima,22909,PL,9
Guima,43034,PV,8
Edson Salomão,28321,PRTB,20309
Dr Sidney Cruz,77002,SOLIDARIEDADE,17899
Claudio Fonseca,23000,CIDADANIA,15219
Soninha Francine,23023,CIDADANIA,13338
Bruno Zambelli,28800,PRTB,12302
Marina Bragante,18333,REDE,9710
Malu Molina,23333,CIDADANIA,8093
Prof Adriana Vasconcellos,65100,PC DO B,7961
Prof Marcelo Nascimento,12345,PDT,7706
Carina Da Bancada Feminista,65180,PC DO B,7272
Rodolfo Oliveira Ganem,70100,AVANTE,6803
Claudio Freitas,77999,SOLIDARIEDADE,6488
Laine Daniel,77222,SOLIDARIEDADE,5894
Clau De Luca,28120,PRTB,5793
André Negão,40333,PSB,5387
Sargento Alexandre,70333,AVANTE,5144
Medeiro É Trabalho,77123,SOLIDARIEDADE,5095
Rodrigo Da Bancada Trabalhista,65888,PC DO B,5021
Flávia Bellaguarda,18011,REDE,4869
Raquel Marques,18000,REDE,4704
Tom Da Lotação,70027,AVANTE,4467
Protetor Eduardo Roz,90000,PROS,4376
Vinícius Lima,18180,REDE,4370
Lia Esperança,18111,REDE,4070
Pedro Melo,23500,CIDADANIA,4066
Thays Martinez,23123,CIDADANIA,3809
Wesley Periferia Ativa Búfalos,12777,PDT,3698
Jacky Maluco,17999,PSL,3494
Barbara Panseri,12123,PDT,3477
Itamar Oliveira,70777,AVANTE,3256
Ligia Mendes,80000,UP,3220
Mariana Moura,65300,PC DO B,3073
Bombeiro Queiroz,77777,SOLIDARIEDADE,3064
Batata,90033,PROS,3014
Ivanete Colega,77500,SOLIDARIEDADE,2999
Fátima Magalhães,70355,AVANTE,2928
Professor Ozeias,35000,PMB,2841
Rogerio Sena,70000,AVANTE,2784
Tami Fakih,18030,REDE,2734
Patricia Zanella,18888,REDE,2668
Marcio Coriere,36000,PTC,2575
Gabriel Cassiano,12000,PDT,2393
Thabata Ganga,12321,PDT,2375
Joao Francisco,77789,SOLIDARIEDADE,2364
Fernanda Gomes,18800,REDE,2256
Camila Aguiar,65613,PC DO B,2218
Anderson Severiano,18500,REDE,2171
Capitão Gabriel Mazzali,51222,PATRIOTA,2124
Geraldo Nunes,77425,SOLIDARIEDADE,2066
Marcelo Da Saúde,33300,PMN,2055
Edson Passaro,65700,PC DO B,2024
Rabino Ventura,23613,CIDADANIA,1949
Maria Helena,17622,PSL,1938
Apostolo Evandro Leal,77010,SOLIDARIEDADE,1926
Rozina De Jesus,65123,PC DO B,1920
Cris Godoy,28028,PRTB,1879
Keila Pereira,65400,PC DO B,1772
Professor José Valdene,65666,PC DO B,1765
Arnaldo Bispo Advogado Do Povo,65500,PC DO B,1752
Roberio Benedito,35100,PMB,1728
Todd,12121,PDT,1721
Angela Barbosa,77333,SOLIDARIEDADE,1710
Daniela Silveira,23456,CIDADANIA,1706
Gilmar Curtolo,77277,SOLIDARIEDADE,1667
Igor Da Juventude Trabalhadora,21021,PCB,1654
Tonhão,65050,PC DO B,1577
Lígia Jalantonio,18191,REDE,1538
Jesus Da Periferia,12223,PDT,1533
Paulo Pequeno,77011,SOLIDARIEDADE,1487
Catarina Jesus,23777,CIDADANIA,1471
Claudinho De Oliveira,12007,PDT,1462
Marta Lucas,65065,PC DO B,1449
Projacque Prof Jacqueline,18222,REDE,1366
Rodrigo Cebola,77015,SOLIDARIEDADE,1361
Thiago De Macedo,43050,PV,1361
Leticia Gabriella,12020,PDT,1341
Tim Maia Do Prima,70778,AVANTE,1337
Fernando Moura,12140,PDT,1334
Betão Do Lava Rápido,90007,PROS,1330
José Dilson,40246,PSB,1326
Luis Flavio File,70022,AVANTE,1308
Severo Do Ks,70123,AVANTE,1306
Adriana Silva,23222,CIDADANIA,1268
Engenheiro Jorge Kalenderian,28000,PRTB,1244
Paulo Calado,70789,AVANTE,1226
Donizete,70132,AVANTE,1218
Professora Flávia,16300,PSTU,1215
Benê Do Auto Popular,77555,SOLIDARIEDADE,1214
Xandão Do Povo,23145,CIDADANIA,1191
Fernanda Torres,90100,PROS,1151
Gamby O Guerreiro,35012,PMB,1147
Cabo Alves,51190,PATRIOTA,1138
Professora Simone Rego,65135,PC DO B,1123
Dr Rogério Tabet,70033,AVANTE,1098
Nezinho Nunes Reco,77737,SOLIDARIEDADE,1091
Thiago Praxedes,65007,PC DO B,1086
Tony Signoreti,77207,SOLIDARIEDADE,1085
Rafael Labiapari,28100,PRTB,1077
Celso Rocha,36156,PTC,1075
Genildo Castro,35105,PMB,1055
Selma Dantas,36733,PTC,1054
Bebe Vem Ai,65250,PC DO B,1035
Elielson Produções,65003,PC DO B,1033
Coronel Djalma,28928,PRTB,1027
Lia Silva Bancada Social,65655,PC DO B,1022
Alemão,15369,MDB,1012
Jorjão,90222,PROS,1011
Edu Massambani,36500,PTC,1004
Tarcísio Alves,70110,AVANTE,979
Delvam Batista,27012,DC,972
Professor Deusiney,18321,REDE,971
Christy Bancada Poder Popular,21121,PCB,970
Coronel Bortoletto,17001,PSL,956
Geraldo Geraldinho,33222,PMN,952
Rafael Shouz,12011,PDT,948
Roberto Silva,70577,AVANTE,931
Emerson Fecundini,77733,SOLIDARIEDADE,930
Toninho Da Ambulância,70222,AVANTE,925
Cabo Maximo,70111,AVANTE,920
Miro Mecânico,28173,PRTB,915
Mariana Lacerda,18018,REDE,910
Platon,28009,PRTB,905
Kele Cristina,65456,PC DO B,900
Cabo Andréa Affonso,90190,PROS,893
Otacilio Ribeiro,65010,PC DO B,892
Flavio Beall,28400,PRTB,889
Olavo Do Liberta,90300,PROS,889
Jonathan Oliveira,65965,PC DO B,889
Regina Matos,77770,SOLIDARIEDADE,868
Samuel Oliveira,65777,PC DO B,864
Vagner Franchi,18700,REDE,862
Dr Edson Monteiro,27188,DC,860
Rosevaldo Da Mobilidade,70081,AVANTE,859
Isis Mustafa,80800,UP,859
Onofre Gonçalves,65651,PC DO B,846
Nenem,90123,PROS,827
Dr. Andrey Blanco C A C,36556,PTC,817
Carlota Joaquina,65420,PC DO B,813
Hamilton Carvalho,18100,REDE,813
Alex Sandro Leclair,12212,PDT,812
Fiuza,77111,SOLIDARIEDADE,810
Pastor Josias Nascimento,35250,PMB,810
Profa Anair Novaes,65999,PC DO B,806
Wales Martins,77720,SOLIDARIEDADE,806
Luis França,65000,PC DO B,804
Thiago Coletivo Frente Ampla,12012,PDT,796
Falcão,23077,CIDADANIA,790
Prof Antonio Pedro,70321,AVANTE,787
Dilza Muramoto Shiroma,28655,PRTB,775
Caio,27111,DC,775
Caio Spina,33000,PMN,771
Dra Cristina Do Palanque,36222,PTC,767
Eduardo Campos,18999,REDE,762
Telis Rios dasul,77013,SOLIDARIEDADE,747
Emilio De Souza Lima,35010,PMB,746
Ademir Da Guia,15010,MDB,744
Policial Tobia,70700,AVANTE,744
André Miranda,27190,DC,742
Railidia,65670,PC DO B,741
Aldemir Reis,40122,PSB,739
Reverendo Sérgio Melo,36001,PTC,739
Peixe,65333,PC DO B,739
João Grandão,90090,PROS,732
Bombeiro Caputo,27193,DC,731
Abrão,77316,SOLIDARIEDADE,730
Reacionário De Topete,28064,PRTB,729
Valdemir Melhado,65652,PC DO B,727
Alexandre Oliveira,70177,AVANTE,722
Cb Gil Marques Capoeira,70118,AVANTE,721
Ricardo Penetra,70320,AVANTE,716
Camilo Galhardo,70456,AVANTE,707
Oliveira Despachante,70770,AVANTE,695
Prof Zysman,18181,REDE,686
Tião Carvalho,65055,PC DO B,685
Cícera,65600,PC DO B,670
Prof Jonathas Cavalaro,65070,PC DO B,670
Josimar Baltazar,12444,PDT,669
Douglas Fernando,35500,PMB,668
Silvia Carneiro Coletivo Rede,18008,REDE,667
Itamar Sussu,65060,PC DO B,667
Neide Sales,40915,PSB,666
Luiz Comunitário,90195,PROS,666
Joaquim Francisco,65110,PC DO B,665
Milton Barros Eu Acredito,70025,AVANTE,661
Lúcio Macario,70511,AVANTE,660
Júlia Eid,16000,PSTU,659
Paulo Mello,28011,PRTB,655
Marcia Mareco,36772,PTC,655
Professor Luiz Felix,12101,PDT,649
Dr. Loure,43303,PV,647
João Costa Neto,28282,PRTB,643
Pr Eduardo Barbosa,36007,PTC,636
Daio Viana,12344,PDT,631
Helison Brito,28789,PRTB,631
Erick Santos,18123,REDE,631
Bruno Boina Azul,27777,DC,630
Borracha,23163,CIDADANIA,628
Wilson Junior Will,70007,AVANTE,621
Ellen Prata,77059,SOLIDARIEDADE,618
Flavio Monrel,77801,SOLIDARIEDADE,607
Gilberto Cobrador,36036,PTC,606
Juruna,18456,REDE,605
Robertinho,23778,CIDADANIA,594
Luisinho,33456,PMN,592
Nisia Patrícia,36168,PTC,591
Ivam Batista,77121,SOLIDARIEDADE,585
Kaka Do Autocenter,65265,PC DO B,574
Enfermeira Solange Caetano,65321,PC DO B,571
Glaucia Monteiro,77888,SOLIDARIEDADE,568
Caio Catraca,12333,PDT,567
Marcio Pugliesi,27880,DC,560
Professora Ariadine Barcelar,35555,PMB,559
Pedro Jr,23153,CIDADANIA,559
Pedro Petrere,15234,MDB,558
Lucas Marcelino,80080,UP,554
Zecao Doceiro Do Patrão,33400,PMN,552
Prof Barna,12042,PDT,547
Wladmir Boy,90943,PROS,545
Professora Vera Lucia,23122,CIDADANIA,544
Professor João Carvalho Fio,65512,PC DO B,544
Sula Santos,65200,PC DO B,542
Pedro Henrique De Cristo,12222,PDT,540
Dunga,65555,PC DO B,528
Lucia Lima,65611,PC DO B,526
Carlão Da Proteção,17555,PSL,524
Neildo Dos Comerciários,28001,PRTB,519
Leo Cesar,70323,AVANTE,514
Carlos Cardoso,12406,PDT,513
Augusto Marin,15050,MDB,510
Lauro Fiaes,16123,PSTU,508
Pastor Paulo Soares,35789,PMB,506
Alemão Presidente,36008,PTC,506
Major Horta,90038,PROS,506
Nill Rocha,23220,CIDADANIA,504
River,77200,SOLIDARIEDADE,503
Anderson Balbino,12800,PDT,500
Valdir Agente De Saude,36121,PTC,499
Anete Pizzimenti,28888,PRTB,497
Paulo Cainé,90888,PROS,494
Neudes Carvalho,12789,PDT,494
Copati,65477,PC DO B,492
Miltão Da Adega,65478,PC DO B,492
Carlinhos Silva,17153,PSL,485
Jaime Pereira,23205,CIDADANIA,484
Daniel Reis,65432,PC DO B,484
Carlos Eduardo Santos,35321,PMB,481
Tiaguinho,27500,DC,480
David Chu,36688,PTC,479
Ademir Do Vale,65121,PC DO B,475
Sidão Do Morro Doce,77567,SOLIDARIEDADE,475
Ana Maria Viana,35035,PMB,474
Toninho Xuxa,77510,SOLIDARIEDADE,469
Maurício Careca,33833,PMN,469
Dra Francisca,77477,SOLIDARIEDADE,469
Rafael Bruschi,18555,REDE,467
Elton Romão,23666,CIDADANIA,466
Dr Jamberg,35017,PMB,463
Dra Elaine Carneiro,23056,CIDADANIA,462
Aelison Alcântara,28020,PRTB,458
Alemão Do Açougue,36331,PTC,458
Isac Alves,33212,PMN,458
Celia,23551,CIDADANIA,457
Alexandre São Black,28808,PRTB,455
Jonas Rocha,12122,PDT,455
Regina Do Bem,70020,AVANTE,454
Dra Flor,77154,SOLIDARIEDADE,454
Flávio Reto,28717,PRTB,453
Luzia Honorato,65789,PC DO B,451
Sérgio Do Bem,27100,DC,451
Policial Luiz Ronda Escolar,28190,PRTB,450
Arthur Vieira,35444,PMB,449
Duia Cabeleireiro,77234,SOLIDARIEDADE,446
Treinador Luiz Souza,33339,PMN,445
Fia A Unica,35099,PMB,438
Frente Negra Antirracista,80100,UP,434
Igor De Franco,28128,PRTB,433
Professora Nilva,77880,SOLIDARIEDADE,431
Fabiola Baani,12040,PDT,431
Valkiria Galega,65001,PC DO B,431
Helô Da Empatia,77028,SOLIDARIEDADE,430
Ronaldo Cesar,12500,PDT,430
Luis Paztel,12300,PDT,427
Naval,15153,MDB,424
Reinaldo Renna,23150,CIDADANIA,422
Irandir,65678,PC DO B,419
Cassio Do Farol,70910,AVANTE,417
Celso Araujo,23555,CIDADANIA,415
Helena Suzuki,36660,PTC,414
Gilberto,77022,SOLIDARIEDADE,414
Betão Motoboy,65201,PC DO B,412
Cristiano Prete,70444,AVANTE,410
Pastor Eugênio,77161,SOLIDARIEDADE,409
Jaaziel Bispo,12181,PDT,409
Nivaldo É O Amor,90800,PROS,408
Anderson Dlogun Ede,12612,PDT,408
Jovito,77017,SOLIDARIEDADE,408
Bombeiro Donizete,70017,AVANTE,405
Angela Mancini,36332,PTC,404
Ricardo Maria,13212,PT,404
Pastora Lilian Ferreira,23233,CIDADANIA,396
Rosi Anequini,65650,PC DO B,396
Alexandre Lima,70211,AVANTE,396
Vera Lins,28310,PRTB,395
Gilvando,33555,PMN,394
Rosangela Barros,77444,SOLIDARIEDADE,391
Maurício Pereira,33016,PMN,388
Gorete Da Silva,77134,SOLIDARIEDADE,388
David Cabelo,33122,PMN,387
Katy Costa,35005,PMB,386
Rone Santos,18777,REDE,381
Professor Sammy,36366,PTC,378
Vivi,36021,PTC,377
Edison Silva,35333,PMB,376
Marcondes Luz,70077,AVANTE,376
Walney Araujo,70400,AVANTE,373
Henrique Vitta,12678,PDT,373
Xico Luz,12356,PDT,372
Moema Arruda,12005,PDT,371
Juliana Dama De Copas,28728,PRTB,370
Sargento Mauricio Cardoso,36038,PTC,368
Prof Silvia Cristina,27047,DC,367
Ricardo Borges,70420,AVANTE,367
Mug,77043,SOLIDARIEDADE,365
Marcão News,28777,PRTB,361
Marco Pachiega,36300,PTC,359
Marcia Diniz,70137,AVANTE,358
Rutinha Da Saúde E Do Social,70076,AVANTE,357
Floriano Junior,70470,AVANTE,356
Milanez,90333,PROS,356
Tais Do Transporte Escolar,70234,AVANTE,355
Adriana,90111,PROS,353
Nene Hypoliti,77000,SOLIDARIEDADE,351
Hamilton Menezes,36789,PTC,351
Waguininho,36010,PTC,351
Prof Nalva,70567,AVANTE,349
Kevin Nunes,65013,PC DO B,349
Severo Ramos,12456,PDT,347
Paiva Farias,70002,AVANTE,347
Eng Elon Bezerra,36002,PTC,347
Marcelino De Souza,77177,SOLIDARIEDADE,346
Umbelino,77100,SOLIDARIEDADE,341
Ana Paula Passos,12410,PDT,341
Vina Guerrero,12900,PDT,339
Fábio Mitsuo,28333,PRTB,338
Henan Santos,33713,PMN,338
Erica Monteiro,12125,PDT,332
Risto Petroff,36666,PTC,332
Lau Ventura,23433,CIDADANIA,332
Farmacêutico Jean,36177,PTC,330
Guilherme Nascimento,35535,PMB,328
Carlos Potência,12776,PDT,327
João Valente,28889,PRTB,324
Nalva Lima,70889,AVANTE,322
Dr Jeferson Mattos,77707,SOLIDARIEDADE,322
Dada Santos,77986,SOLIDARIEDADE,322
Sargento M Antunes,90193,PROS,321
Joelma Do Social,77717,SOLIDARIEDADE,321
Afonso Mingorance,23455,CIDADANIA,320
Eduardo Janela,36336,PTC,320
Luciana Santos,27313,DC,317
Edmar Luz,18300,REDE,316
Jorge Wilson,12990,PDT,315
Tia So,70311,AVANTE,314
Anderson Cruz,12700,PDT,313
Tielen Oliveira,77456,SOLIDARIEDADE,310
Maria De Fatima,77321,SOLIDARIEDADE,307
Bento De Jesus,90777,PROS,306
Fabiola Tatcher,70131,AVANTE,306
Felipe Sales,65665,PC DO B,303
Brito Luca,36162,PTC,302
Vanessa Rocha,33375,PMN,302
Edileuza Cester,28288,PRTB,296
Ganso,70466,AVANTE,295
Regys Lacerda,33444,PMN,294
Sargento Wagner,36146,PTC,292
Luis Do Pantanal,65009,PC DO B,292
Professor Ismael Freire,18330,REDE,290
Paulão,43220,PV,289
Silvia Bittencourt,12656,PDT,289
Pedro Felix,35869,PMB,289
Professor Silvio,65111,PC DO B,288
Flavitcha Maia,28223,PRTB,287
Bere,23200,CIDADANIA,286
Prof Gilmar Lucas,33610,PMN,282
Sophia Vergueiro,12540,PDT,281
Jacira,36234,PTC,279
Márcia Araújo,33290,PMN,279
Carlos Adriano Maia,65012,PC DO B,279
Ribeiro De Souza,23003,CIDADANIA,277
Samuel Lima,77797,SOLIDARIEDADE,277
Monica Nega,23300,CIDADANIA,275
Getúlio Borges,33733,PMN,273
Marcelo Silva,27129,DC,273
Adilio Oliveira,12008,PDT,271
Ivani Cabral,70500,AVANTE,270
Graça Lopes,70078,AVANTE,269
Pimenta Jolokia,33693,PMN,268
Ademir Gomes,36003,PTC,267
Rinaldo Felix,23110,CIDADANIA,266
Robson Trindade,90444,PROS,265
Normando Kleber,28077,PRTB,265
Dr Eco Planet,27800,DC,265
João Zelador,27323,DC,264
Carlos Cunha,23223,CIDADANIA,263
Nildo Ferro,77380,SOLIDARIEDADE,263
Ubuntu Periferia,65313,PC DO B,263
Sergio Garcia,23114,CIDADANIA,262
Genildo Dantas Vigia,12177,PDT,262
Gisele Pontes,27177,DC,260
Claudio Ferreira,23611,CIDADANIA,259
Guanabara,18153,REDE,258
Carlos T'ogun,12292,PDT,258
Brigido Cruz,70270,AVANTE,254
Francisco Freitas,65165,PC DO B,253
Tequinho,23013,CIDADANIA,253
Carlos Mourão Bonetti,28811,PRTB,250
Dr. Ibahim Habib,65800,PC DO B,250
Gleibson Silva,12022,PDT,250
Ivair Moro,70610,AVANTE,249
Moises Maguila,36261,PTC,248
Everaldo Ribeiro,28871,PRTB,247
Pra Leia,36136,PTC,247
Prof Fatima,12010,PDT,245
Serginho Do Povo,12100,PDT,245
Celso Henriques,90999,PROS,244
Vereador Periquito,77359,SOLIDARIEDADE,242
Índio Vigilante,36400,PTC,240
Mané Da Leste,33331,PMN,240
Cleber Cunha Piu,33023,PMN,238
Lilian Bomfim,12987,PDT,238
Luciano Sp,28228,PRTB,235
Luiz Machado,36200,PTC,234
Deyvison Erik Gaspar,27234,DC,234
Cebolinha,36110,PTC,232
Luis Sato,36040,PTC,232
Alexandre Alecrim,28555,PRTB,232
Carlão,65556,PC DO B,231
Pr Hailton Santos,27696,DC,231
Luiza Raiol,28448,PRTB,230
Paulo Purkyt,27072,DC,230
Gisele Casarin,33334,PMN,230
Gian Hiller,12775,PDT,230
Dr. André Luiz,22018,PL,227
Ilmo Honorato,65410,PC DO B,226
Cintia Monteiro,70124,AVANTE,226
Zenilton Bezerra,70112,AVANTE,225
Wilky Andrade,36999,PTC,223
Vera Mães Em Luta,33450,PMN,222
Luciana Carla,70070,AVANTE,222
Rogério Silva,12667,PDT,222
Rogério Santos,12312,PDT,220
Samantha Maguetta,36004,PTC,219
Letícia Oliveira,90124,PROS,218
Robson O Bello Cardoso,23099,CIDADANIA,216
Rubinho Do Povo,65640,PC DO B,216
Bianca De Jesus,70141,AVANTE,216
Jean Barbosa,33333,PMN,216
Edson Rafael Palco,23247,CIDADANIA,215
Bispa Justa,36014,PTC,214
João Paulo Lemos,36501,PTC,214
Salve Jorge,77515,SOLIDARIEDADE,212
Eneas,33777,PMN,212
Arnaldo Torres,70120,AVANTE,212
Rafael Do Uber,27099,DC,212
Raimundo Borges,65444,PC DO B,211
Antonio Marcha Lenta,77233,SOLIDARIEDADE,209
Pedagogo Ronan Goulart,77788,SOLIDARIEDADE,208
Yara Borges,70200,AVANTE,207
Thomazini Alfaiate,27020,DC,205
Edith Ferreira,77550,SOLIDARIEDADE,205
Evânio Da Saúde,70192,AVANTE,204
Karina Massaroto,33388,PMN,204
André Bicho Solto,12888,PDT,204
Angelo Aurichi,27222,DC,200
Ruthinea De Carvalho,12555,PDT,198
Hilda Guerreira,23022,CIDADANIA,197
Rodrigo Sales,70779,AVANTE,197
Jonas Duarte Fernandes,12111,PDT,196
Patrícia Canuto,28123,PRTB,196
Hanna,28999,PRTB,195
Tamar Tania,36600,PTC,195
Morgan Augusto,23111,CIDADANIA,194
Jair Ferro,18088,REDE,193
Valdir Gabriel,70987,AVANTE,192
Maisa Setin,12221,PDT,192
Sargento Carlos Lima,70190,AVANTE,190
Prof. Saad,27000,DC,189
Mario Gouvea,36579,PTC,189
Silvio Raposo,77323,SOLIDARIEDADE,189
Diana Brasilis,12699,PDT,189
Dra Quelin,70370,AVANTE,187
Kako Jorge,33345,PMN,187
Etelma Souza,12117,PDT,186
Camila Bichler,27277,DC,186
Serginho,77756,SOLIDARIEDADE,184
Gorethe Pascoa,77117,SOLIDARIEDADE,184
Cássia Galvão,23173,CIDADANIA,180
Roberto Do Novo São Norberto,65006,PC DO B,179
Malú Nunes,77241,SOLIDARIEDADE,179
Lourival Gomes,90456,PROS,178
Dr Wilson,33577,PMN,178
Rafinha,90600,PROS,176
Shirley Silvério,16016,PSTU,175
Gabriela Perini,12890,PDT,175
Daniel Pereira Tatuzinho,70888,AVANTE,174
Lourivaldo Prates,65222,PC DO B,174
Alberto Shie,27123,DC,173
Simone Speranza,90900,PROS,173
Ronei Silva,35021,PMB,173
Jorge Robson,27110,DC,172
Prof Fernanda Teixeira,33304,PMN,171
Márcio Costa,33013,PMN,170
Professor Abel,36345,PTC,169
Prof Nivaldo Moura,70955,AVANTE,169
Sacerdotte Marcelo Gutierrez,12110,PDT,169
Bianca Soares,77003,SOLIDARIEDADE,169
Dra Marli,23707,CIDADANIA,168
Nilton Gomes,28133,PRTB,168
Dom Sabino,28222,PRTB,167
Denis Duck,18133,REDE,167
Dr Adilson Carvalho,40600,PSB,166
Camilla Martins,23321,CIDADANIA,166
Itália Taxista,36005,PTC,165
Mestre Hélio,65316,PC DO B,165
Vladimir Isidoro,90223,PROS,165
Jeane Moreira,12466,PDT,164
Mãe Flaviah De Iansa,12131,PDT,164
Eduardo Do Livramento,12999,PDT,162
Geraldo De Souza,77178,SOLIDARIEDADE,161
Dr Ademilson Silva Dedi,65011,PC DO B,161
Jorge Tur,90173,PROS,161
Phumaça,23420,CIDADANIA,161
Tania Pereira,35013,PMB,160
Claudio Homem,12001,PDT,159
Edson Guerreiro,77711,SOLIDARIEDADE,158
Giovani Geraldo,90196,PROS,158
Wanda Cavalcante,12600,PDT,158
Jorge Henrique,65002,PC DO B,155
Cicera Do Promorar,70013,AVANTE,154
Sargento Claudino,70001,AVANTE,153
Luis Carlos,90533,PROS,153
Manja,12021,PDT,153
Márcia Assistente Social,33971,PMN,153
Deivid Lopes,33111,PMN,153
Glauce Lima,12200,PDT,152
Marco Antonio Alajo,23231,CIDADANIA,150
Prof. Renato Barbosa,36363,PTC,146
Valdo Tasinaffo,23830,CIDADANIA,145
José Justino,13610,PT,145
Professor Jefferson Ripi,90890,PROS,145
Getson Silva,28004,PRTB,145
Sueli Do Skinão,28234,PRTB,144
Marli Silva,36100,PTC,141
Roseli Gomes,35755,PMB,141
Dra Jhesica Baccari,27607,DC,141
Vilson Cruz,27507,DC,140
Adriana Cicera,90400,PROS,140
Osvaldo Nunes,77020,SOLIDARIEDADE,138
César Cebolinha,28164,PRTB,136
Mario Lopes,36888,PTC,135
Nicolau Rabay,43433,PV,135
Matheus Pereira,28008,PRTB,135
Valter Estevam,27009,DC,134
Marta Elizabeth,28737,PRTB,133
Marlece Campos,35038,PMB,133
Marisa Barros,28029,PRTB,132
Valentim Do Forró,90351,PROS,132
Elcio Munin,27999,DC,131
Profº Afonso Sena,23561,CIDADANIA,130
Bispo David Dias,36645,PTC,130
Vagner Contier,28014,PRTB,128
Gislene Coelho,12112,PDT,128
Prof Marcos Guedes,12220,PDT,127
Daniel Mem,33012,PMN,127
Prof Barretão,18789,REDE,127
Walter Bonetti,70028,AVANTE,126
Maria Regina,70667,AVANTE,125
Anderson Silva,33272,PMN,125
Cleide Modesto,27878,DC,124
Natália Pimenta,29029,PCO,124
Gildo,70678,AVANTE,123
Dr Washington,36188,PTC,123
Ricardo Perenha,12730,PDT,123
André Stark,18019,REDE,123
Maria Lima Passarello,33888,PMN,123
Bety Lima,33003,PMN,123
Toninho Do Diabo,77666,SOLIDARIEDADE,122
Della Monica,23047,CIDADANIA,121
Dr Marcos Caje,36904,PTC,121
Francisco Cabral,12147,PDT,121
Dr Wadão,36743,PTC,119
Lopes,28818,PRTB,119
Miriam Das Flores,65161,PC DO B,119
Edicleia,36148,PTC,118
Cabo Osvaldo,65190,PC DO B,118
Rosana Nascimento,18021,REDE,117
Airton Da Vl Natal,65119,PC DO B,115
Vera Servone,27955,DC,113
J.S José Sebastião,12340,PDT,113
Cida Vf,90013,PROS,113
Simone Machado,36016,PTC,113
Marcelo Godoi,70555,AVANTE,112
Fabio Andrade,14560,PTB,111
Mazinha Strumiello,65997,PC DO B,111
Alexandre Galdi,27555,DC,111
Dra Roberta Prado,27180,DC,111
Rosana Rodrigues,70030,AVANTE,110
Andréia Da Fármacia,77772,SOLIDARIEDADE,110
Ricardo Rocchi Tomataço,28111,PRTB,109
Brígida Caires,77250,SOLIDARIEDADE,109
Sarti,35009,PMB,108
Faccas,12133,PDT,108
J Avus,90311,PROS,107
Jo Lima,90555,PROS,107
Eliseu Santoni,23917,CIDADANIA,106
Anderson Da Acessibilidade,17939,PSL,104
Dr Machado,77758,SOLIDARIEDADE,103
Egberto Beto,27888,DC,103
Ana Claudia,36515,PTC,103
Alex Souza,12155,PDT,102
Milton Angelo,36555,PTC,101
Silvana Abranches,33368,PMN,101
Prof Thais Rocha,33800,PMN,101
Bruno Fuchs,23201,CIDADANIA,99
Robinson Chaguri,28300,PRTB,98
Osvaldinho Da Cuíca,70999,AVANTE,97
Eny Cristina,36091,PTC,97
Renisson Oliveira,35200,PMB,97
Ricardo Gomes,65405,PC DO B,97
Luciane Matahari,28007,PRTB,96
Pr. Joabe,70091,AVANTE,95
Raimundo,65259,PC DO B,94
Eronides Da Saude,65667,PC DO B,93
Vitor Rodrigues,65025,PC DO B,92
Angelo Malfatti,33200,PMN,91
Veterano Longares,27200,DC,91
Corretor João,36360,PTC,90
Pastora Solange Silva,36111,PTC,89
Dinah,77889,SOLIDARIEDADE,89
Luiz Laps,27959,DC,88
Gilson Melo,23102,CIDADANIA,88
Patricia Tavares,70125,AVANTE,88
Luciana Fontes,28500,PRTB,86
Pegadinha,70133,AVANTE,85
Andreia Marquete,77678,SOLIDARIEDADE,85
Kamila Santos,90234,PROS,85
Negritude Cohab,33312,PMN,83
Romildo Fidelis Vigilante,27553,DC,83
Pastor Anderson Domingos,28967,PRTB,82
Jose Leite Filho,23250,CIDADANIA,81
Janaína,65159,PC DO B,81
Jorge Breogan,16600,PSTU,80
Fábio Volante,28200,PRTB,80
Radialista Manoel Liarte,36900,PTC,79
Leticia Pacolli,70010,AVANTE,79
Daniel De Campos,33007,PMN,78
Guga,29329,PCO,78
João Do Tempeiro,27215,DC,76
Pastora Augusta Fonseca,17178,PSL,76
Prof Diogo Alencar,36088,PTC,76
Erick Batista,77012,SOLIDARIEDADE,76
Angelica Assis Protetora,33822,PMN,75
Leila Neres,70074,AVANTE,74
Pr José Jorge,36333,PTC,73
Carmem Maria Uchoa Fernandes,27778,DC,73
Detinho,12814,PDT,73
Viviane Almeyda,12424,PDT,73
Pastor Ferreira,33100,PMN,72
Ferreira,23998,CIDADANIA,72
Carlos Miguel,35018,PMB,70
Hamilton Tinee,28139,PRTB,70
Tersio Sales,36012,PTC,69
Rita De Cassia,12512,PDT,68
William Galo,77773,SOLIDARIEDADE,68
Leila,77700,SOLIDARIEDADE,67
Benjamim,77170,SOLIDARIEDADE,66
Mãe Ge,36009,PTC,65
Brizzola,77749,SOLIDARIEDADE,65
Juliana Moller,33217,PMN,65
Prof Munhoz O Kara Da Moto,70600,AVANTE,65
Professor Cleidson,70900,AVANTE,65
Maria Vanda,90377,PROS,64
Eliana Cezario,16134,PSTU,64
Lindolfo Junior Mineiro,18444,REDE,63
Pastor Douglas Moreira,36233,PTC,63
Bahiano Louco,40033,PSB,63
Junior Love,12586,PDT,61
Vinicius Oliveira,77118,SOLIDARIEDADE,60
Shirley Tamara Jordão,35223,PMB,59
Regiane Cazzarotti,51456,PATRIOTA,59
Andrea Capitulino,17963,PSL,58
Carlos Souto,28202,PRTB,57
Adriana Souza,70631,AVANTE,57
Jô Cristine,70670,AVANTE,57
Vânia Lima,33136,PMN,56
Cidão,23133,CIDADANIA,56
Analú Brinkmann,65221,PC DO B,55
Silvio Voce,28010,PRTB,54
Marcos Da Tiradentes,33707,PMN,53
Cintia Pelli,90078,PROS,51
Anderson O Jovem,10545,REPUBLICANOS,51
Paulo Saboia,65900,PC DO B,50
Claudio Gomes,35135,PMB,50
Malu De Paula,36011,PTC,49
Cris Venancio,12118,PDT,49
Denivia Oliveira,36464,PTC,48
Maristela Machado,27260,DC,48
Ailton Alcântara,90907,PROS,48
José Castro Alfaiate,27333,DC,47
Willians Zé Bonitinho,36800,PTC,47
Bispo Marcos Souza,36190,PTC,46
Danilo Catalano,65995,PC DO B,46
Lourdes Cavalcante Srour,36444,PTC,45
Ligiane Jatobá,36147,PTC,45
Belo Do Transporte,77302,SOLIDARIEDADE,42
Fabio Pi,23001,CIDADANIA,42
Leticia Souza,36216,PTC,42
Gustavo,33123,PMN,41
Domingos Poeta,77929,SOLIDARIEDADE,40
Marcia Santos,35015,PMB,40
Patricia Kiyomi Tani,27050,DC,40
Paulo Franco,28666,PRTB,39
Alle Costa,33500,PMN,39
Carlinhos Jamanta,77160,SOLIDARIEDADE,35
Claudio Jorge,36123,PTC,35
José Carlos Eymael,27027,DC,34
Juliete,33850,PMN,33
Lucy Alves,27400,DC,31
Fernando Magalhães,29829,PCO,31
Luiz Teofilo,70410,AVANTE,30
Rosana,65987,PC DO B,30
Japa,35777,PMB,30
Danilo Xavier,33365,PMN,30
Paulo Lobo,18881,REDE,30
Genes Fernandes,28864,PRTB,29
Arabela Coelho,33144,PMN,28
Jose Roberto,28177,PRTB,28
Néia Andrade,27041,DC,27
Jonas Picirillo,12575,PDT,26
Mirian Da Comunidade,36015,PTC,26
Francisco Muniz,29129,PCO,25
Isaias Soares,23444,CIDADANIA,24
Dalila De Cristo,70101,AVANTE,24
Leandro Sanches,70003,AVANTE,24
Renne Vieira De Carvalho,28112,PRTB,22
Lia Barcelar,27307,DC,22
Marciano,23310,CIDADANIA,22
Roberto Ribeiro,12780,PDT,21
Rogerio Gueiros,90789,PROS,21
D Martins,28036,PRTB,21
Helena Niveus,51516,PATRIOTA,18
André Lameira,29429,PCO,17
Agna Lima,90567,PROS,16
Fernando Boêmio,55031,PSD,15
Quim Nascimento,27187,DC,15
Carmen Miranda,65332,PC DO B,12
Gilson Gomes,36006,PTC,12
Matheus Leão,29229,PCO,10
Osmar Martins,28106,PRTB,10
Pastor Carlos Noa,28027,PRTB,10
Nahim,33999,PMN,9
Eduardo Dos Santos,18007,REDE,9
Eliani Gouveia,27321,DC,7
Dr Flavio Motta,36077,PTC,7
Cristina Araujo,28828,PRTB,7
Maurício Salazar,29929,PCO,7
Gladys,65090,PC DO B,7
Agenor Bisteca,27687,DC,5
Mara Silva,17586,PSL,5
Ronaldo Cardoso,55825,PSD,5
Rose Leila,35020,PMB,4
Vivien Hertwig,29629,PCO,4
Ivonize Angolana,27224,DC,4
Rak Resende,28041,PRTB,4
Laine Feitoza,28018,PRTB,4
André Araujo,18241,REDE,4
Gaby Lima,33170,PMN,4
Daniel Santana De Jesus,29729,PCO,4
Maya Bastos,29529,PCO,4
Eugênio Da Brasilândia,20336,PSC,3
Renata Ribeiro,28006,PRTB,3
Erek Melo,23334,CIDADANIA,3
Luzia Ricciardi,36013,PTC,2
Miriam Plionis,27223,DC,2
Lucia Souza,33021,PMN,2
Bruna Lima,90345,PROS,2
Sou Beto Gil,18301,REDE,1
Professora Cristina,90711,PROS,1
Valéria Tavares,28176,PRTB,1
Paulo Vergani,36171,PTC,0
